List,,
University of Florida ,,
Boston University ,,
University of Pittsburgh,,
University of Nebraska,,
George Mason University ,,
Washington State University ,,
Park University,,
University of Cincinnati ,,
University of North Texas ,,
The University of Oklahoma ,,
"Northeastern University, Boston ",,
San Jose State University ,,
Florida International University ,,
Oklahoma State University ,,
Kansas State University,,
University of Idaho ,,
New Mexico State University,,
"California State University, Sacramento ",," Sacramento offers master programs in Arts, chemistry, child development, civil engineering, geology, kinesiology, marine science, mathematics, mechanical engineering, music, tourism programs without GRE."
"Pace University, New York City ",,
University of Dayton,,
Villanova University ,,
Sonoma State University,,
Rowan University,,
Wichita State University ,,
Stevens Institute of Technology,,
DeVry University,,
University of the Pacific ,,
Fairleigh Dickinson University ,,
Johnson & Wales University,,
University of New Haven,,
West Texas A&M University,,
Southeast Missouri State University,,
National University,,
New England College ,,
Harrisburg University of Science and Technology ,,
"California State University, Channel Islands ",,
Northeastern Illinois University,,
Colorado Technical University,,
University of Bridgeport ,,
Lewis University,,
Jacksonville State University ,,
University of Central Missouri ,,
Oklahoma City University ,,
National Louis University,,
Alliant International University,,
Point Park University,,
Ecpi University,,
Missouri Western State University,,
City University of Seattle,,
Concordia University Texas,,
Rivier University,,
Monroe College,,
Notre Dame de Namur University,,
"Adler University, Chicago Campus",,
Trine University,,
Fisher College,,
Marymount California University,,
Westcliff University,,
Virginia International University,,
International Technological University,,
Montclair University,,
Stratford University,,
IGlobal University,,
Stevens Henager College,,
"Pace University, Westchester ",,
"South Dakota State University, ",,
Morgan State University,,
